|carpeta|codigo|nivel|propuesta|archivos|resol
0|001- MAE Politicas y Administracion de la Educacion|P00001|MAE|Politicas y Administracion de la Educacion|01- RCS 005-16 - UNTREF.pdf|RCS 005-16
1|001- MAE Politicas y Administracion de la Educacion|P00001|MAE|Politicas y Administracion de la Educacion|01- RCS 395-98 - Creacion PAE.pdf|RCS 395-98
2|001- MAE Politicas y Administracion de la Educacion|P00001|MAE|Politicas y Administracion de la Educacion|02- RES 092-08 - CONEAU Maestria PAE.pdf|RES 092-08
3|001- MAE Politicas y Administracion de la Educacion|P00001|MAE|Politicas y Administracion de la Educacion|02- RES 308-08 - CONEAU.pdf|RES 308-08
4|001- MAE Politicas y Administracion de la Educacion|P00001|MAE|Politicas y Administracion de la Educacion|02- RES 347-13 - Categoria B - CONEAU.pdf|RES 347-13
5|001- MAE Politicas y Administracion de la Educacion|P00001|MAE|Politicas y Administracion de la Educacion|02- RES 408-99 - CONEAU.pdf|RES 408-99
6|001- MAE Politicas y Administracion de la Educacion|P00001|MAE|Politicas y Administracion de la Educacion|03- RM 1662-99 - MINISTERIO.pdf|RM 1662-99
7|001- MAE Politicas y Administracion de la Educacion|P00001|MAE|Politicas y Administracion de la Educacion|03- RM 3350-17 - MINISTERIO.pdf|RM 3350-17
8|002- MAE Generacion y Analisis de Informacion Estadistica|P00002|MAE|Generacion y Analisis de Informacion Estadistica|01- RCS 012-02 - UNTREF Resol de Creacion.pdf|RCS 012-02
9|002- MAE Generacion y Analisis de Informacion Estadistica|P00002|MAE|Generacion y Analisis de Informacion Estadistica|01- RCS 033-15 - Modificacion plan de estudios.pdf|RCS 033-15
10|002- MAE Generacion y Analisis de Informacion Estadistica|P00002|MAE|Generacion y Analisis de Informacion Estadistica|01- RCS 036-11 - UNTREF  Modificacion Creacion - Plan - Regl.pdf|RCS 036-11
11|002- MAE Generacion y Analisis de Informacion Estadistica|P00002|MAE|Generacion y Analisis de Informacion Estadistica|02- RES 064-03 - CONEAU Acreditacion 2003.pdf|RES 064-03
12|002- MAE Generacion y Analisis de Informacion Estadistica|P00002|MAE|Generacion y Analisis de Informacion Estadistica|02- RES 988-12 - CONEAU.pdf|RES 988-12
13|002- MAE Generacion y Analisis de Informacion Estadistica|P00002|MAE|Generacion y Analisis de Informacion Estadistica|03- RME 1027-03 - MINISTERIO Mg Generacion y Analisis Info Estad.pdf|RME 1027-03
14|002- MAE Generacion y Analisis de Informacion Estadistica|P00002|MAE|Generacion y Analisis de Informacion Estadistica|03- RME 579-19 - Maes Estadística.pdf|RME 579-19
15|003- MAE Relaciones Comerciales Internacionales|P00003|MAE|Relaciones Comerciales Internacionales|01- RCS 025-18 - Modif. Plan RCI.pdf|RCS 025-18
16|003- MAE Relaciones Comerciales Internacionales|P00003|MAE|Relaciones Comerciales Internacionales|01- RCS 399-98 - Creac. Plan.pdf|RCS 399-98
17|003- MAE Relaciones Comerciales Internacionales|P00003|MAE|Relaciones Comerciales Internacionales|02- RES 658-11 - NO ACREDITA.pdf|RES 658-11
18|003- MAE Relaciones Comerciales Internacionales|P00003|MAE|Relaciones Comerciales Internacionales|02- RES 672-04 - CONEAU Mg RCI.pdf|RES 672-04
19|003- MAE Relaciones Comerciales Internacionales|P00003|MAE|Relaciones Comerciales Internacionales|02- RES 842-12 - Mg RCI Reconsideracion.pdf|RES 842-12
20|003- MAE Relaciones Comerciales Internacionales|P00003|MAE|Relaciones Comerciales Internacionales|03- RME 1491-99 - Mg Relac Com Internac.pdf|RME 1491-99
21|004- MAE Epistemologia e Historia de la Ciencia|P00004|MAE|Epistemologia e Historia de la Ciencia|01- RCS 035-02 - Modif. Plan - MAE EHC.pdf|RCS 035-02
22|004- MAE Epistemologia e Historia de la Ciencia|P00004|MAE|Epistemologia e Historia de la Ciencia|01- RCS 394-98 - Crea. Plan - MAE EHC.pdf|RCS 394-98
23|004- MAE Epistemologia e Historia de la Ciencia|P00004|MAE|Epistemologia e Historia de la Ciencia|02- RES 206-09 - Maestria EHC.pdf|RES 206-09
24|004- MAE Epistemologia e Historia de la Ciencia|P00004|MAE|Epistemologia e Historia de la Ciencia|02- RES 613-10 - Mg EHC.pdf|RES 613-10
25|004- MAE Epistemologia e Historia de la Ciencia|P00004|MAE|Epistemologia e Historia de la Ciencia|02- RES 683-99 - Mg EHC.pdf|RES 683-99
26|004- MAE Epistemologia e Historia de la Ciencia|P00004|MAE|Epistemologia e Historia de la Ciencia|03- RME 1320-99 - MAE EHC.pdf|RME 1320-99
27|005- MAE Metodologia de la Investigacion Social|P00005|MAE|Metodologia de la Investigacion Social|01- RCS 011-00 - Creacion.pdf|RCS 011-00
28|005- MAE Metodologia de la Investigacion Social|P00005|MAE|Metodologia de la Investigacion Social|01- RCS 034-19 - Modif Plan y Regla.pdf|RCS 034-19
29|005- MAE Metodologia de la Investigacion Social|P00005|MAE|Metodologia de la Investigacion Social|02- IF 2020-26784059 - MIS APN-DAC-CONEAU - Anexo.pdf|IF 2020-26784059
30|005- MAE Metodologia de la Investigacion Social|P00005|MAE|Metodologia de la Investigacion Social|02- IF 2020-26784059 - MIS APN-DAC-CONEAU.pdf|IF 2020-26784059
31|005- MAE Metodologia de la Investigacion Social|P00005|MAE|Metodologia de la Investigacion Social|02- RES 191-16 - No acreditacion CONEAU.pdf|RES 191-16
32|005- MAE Metodologia de la Investigacion Social|P00005|MAE|Metodologia de la Investigacion Social|02- RES 612-05 - Mg MIS.pdf|RES 612-05
33|005- MAE Metodologia de la Investigacion Social|P00005|MAE|Metodologia de la Investigacion Social|02- RS-2020-29219226-APN-CONEAU-ME.pdf|RS-2020-29219226-APN-CONEAU-ME.pdf
34|005- MAE Metodologia de la Investigacion Social|P00005|MAE|Metodologia de la Investigacion Social|03- RME 160-11 - Mag Metodolog Inv Social.pdf|RME 160-11
35|006- MAE Historia|P00006|MAE|Historia|01- RCS 005-00 - UNTREF Creacion Plan.pdf|RCS 005-00
36|006- MAE Historia|P00006|MAE|Historia|01- RCS 006-08 - Modif. Regla. MA Historia.pdf|RCS 006-08
37|006- MAE Historia|P00006|MAE|Historia|01- RCS 028-07 - Reglamento.pdf|RCS 028-07
38|006- MAE Historia|P00006|MAE|Historia|01- RCS 029-05 - Modif. denominacion Asig. - MA y DOC Historia - sin plan.pdf|RCS 029-05
39|006- MAE Historia|P00006|MAE|Historia|01- RCS 043-13 - Modif. reglamento.pdf|RCS 043-13
40|006- MAE Historia|P00006|MAE|Historia|02- RES 1283-15 - CONEAU.pdf|RES 1283-15
41|006- MAE Historia|P00006|MAE|Historia|02- RES 286-08 - CONEAU Acreditación Maestria en Historia.pdf|RES 286-08
42|006- MAE Historia|P00006|MAE|Historia|02- RES 291-01 - CONEAU Maestria en Historia.pdf|RES 291-01
43|006- MAE Historia|P00006|MAE|Historia|02- RES 589-07 - CONEAU Maestria en Historia.PDF|RES 589-07
44|006- MAE Historia|P00006|MAE|Historia|03- RME 2246-18 - MAG. EN HISTORIA.pdf|RME 2246-18
45|007- MAE Integracion Latinoamericana|P00007|MAE|Integracion Latinoamericana|01- RCS 003-09 - Modif Plan MAE en Int. Latinoamericana.pdf|RCS 003-09
46|007- MAE Integracion Latinoamericana|P00007|MAE|Integracion Latinoamericana|01- RCS 010-10 - Modif plan de estudios.pdf|RCS 010-10
47|007- MAE Integracion Latinoamericana|P00007|MAE|Integracion Latinoamericana|01- RCS 026-18 - Modif. Plan y Regla. MIL.pdf|RCS 026-18
48|007- MAE Integracion Latinoamericana|P00007|MAE|Integracion Latinoamericana|01- RCS 397-98 - Creac. Plan MAE en Int. Latinoamericana.pdf|RCS 397-98
49|007- MAE Integracion Latinoamericana|P00007|MAE|Integracion Latinoamericana|02- RES 1048-11 - CONEAU.pdf|RES 1048-11
50|007- MAE Integracion Latinoamericana|P00007|MAE|Integracion Latinoamericana|02- RES 224-00 - Mg MIL.pdf|RES 224-00
51|007- MAE Integracion Latinoamericana|P00007|MAE|Integracion Latinoamericana|02- RES 276-19 - CONEAU 6 anos.pdf|RES 276-19
52|007- MAE Integracion Latinoamericana|P00007|MAE|Integracion Latinoamericana|03- RME 1494-99 - Mg Integrac Latinoam.pdf|RME 1494-99
53|008- MAE Derecho del Trabajo y Relaciones Laborales Internacionales|P00008|MAE|Derecho del Trabajo y Relaciones Laborales Internacionales|01- RCS 010-09 - UNTREF - Modif. Plan.pdf|RCS 010-09
54|008- MAE Derecho del Trabajo y Relaciones Laborales Internacionales|P00008|MAE|Derecho del Trabajo y Relaciones Laborales Internacionales|01- RCS 011-08 - Modif Plan.pdf|RCS 011-08
55|008- MAE Derecho del Trabajo y Relaciones Laborales Internacionales|P00008|MAE|Derecho del Trabajo y Relaciones Laborales Internacionales|01- RCS 015-02 - UNTREF - Creación Plan.pdf|RCS 015-02
56|008- MAE Derecho del Trabajo y Relaciones Laborales Internacionales|P00008|MAE|Derecho del Trabajo y Relaciones Laborales Internacionales|02- RES 020-04 - CONEAU.pdf|RES 020-04
57|008- MAE Derecho del Trabajo y Relaciones Laborales Internacionales|P00008|MAE|Derecho del Trabajo y Relaciones Laborales Internacionales|02- RES 319-10 - CONEAU.pdf|RES 319-10
58|008- MAE Derecho del Trabajo y Relaciones Laborales Internacionales|P00008|MAE|Derecho del Trabajo y Relaciones Laborales Internacionales|03- RME 743-04 - MINISTERIO.pdf|RME 743-04
59|009- MAE Diversidad Cultural|P00009|MAE|Diversidad Cultural|01- RCS 021-03 - Plan.pdf|RCS 021-03
60|009- MAE Diversidad Cultural|P00009|MAE|Diversidad Cultural|01- RCS 030-05 - Optimizacion Curricular DIV CULT.pdf|RCS 030-05
61|009- MAE Diversidad Cultural|P00009|MAE|Diversidad Cultural|02- RES 247-14 - CONEAU.pdf|RES 247-14
62|009- MAE Diversidad Cultural|P00009|MAE|Diversidad Cultural|02- RES 434-07 - Mg Diversidad Cultural.pdf|RES 434-07
63|009- MAE Diversidad Cultural|P00009|MAE|Diversidad Cultural|03- RME 1470-16 - MAG EN DIVERSIDAD CULTURAL.pdf|RME 1470-16
64|010- CUR Economia Social y Direccion de Entidades sin Fines de Lucro|P00010|CUR|Economia Social y Direccion de Entidades sin Fines de Lucro|Sin Archivo|Archivo
65|011- ESP Gestion y Evaluacion de Instituciones Educativas|P00011|ESP|Gestion y Evaluacion de Instituciones Educativas|01- RCS 027-17 - Creac Plan.pdf|RCS 027-17
66|011- ESP Gestion y Evaluacion de Instituciones Educativas|P00011|ESP|Gestion y Evaluacion de Instituciones Educativas|01- RCS 395-98 - Creacion PAE.pdf|RCS 395-98
67|011- ESP Gestion y Evaluacion de Instituciones Educativas|P00011|ESP|Gestion y Evaluacion de Instituciones Educativas|02- RES 107-18 - 24299044-APN-CONEAU-ME.pdf|RES 107-18
68|011- ESP Gestion y Evaluacion de Instituciones Educativas|P00011|ESP|Gestion y Evaluacion de Instituciones Educativas|02- RES 151-08 - Esp Gest Evaluac IE.pdf|RES 151-08
69|011- ESP Gestion y Evaluacion de Instituciones Educativas|P00011|ESP|Gestion y Evaluacion de Instituciones Educativas|02- RES 189-01 - Esp Gest Evaluac IE.pdf|RES 189-01
70|011- ESP Gestion y Evaluacion de Instituciones Educativas|P00011|ESP|Gestion y Evaluacion de Instituciones Educativas|03- RME 1939-19 - ESP GEST y EVAL INST EDUCATIVAS.pdf|RME 1939-19
71|012- ESP Planeamiento y Gestion de la Educacion|P00012|ESP|Planeamiento y Gestion de la Educacion|01- RCS 026-17 - Creac Plan.pdf|RCS 026-17
72|012- ESP Planeamiento y Gestion de la Educacion|P00012|ESP|Planeamiento y Gestion de la Educacion|01- RCS 395-98 - Creacion PAE.pdf|RCS 395-98
73|012- ESP Planeamiento y Gestion de la Educacion|P00012|ESP|Planeamiento y Gestion de la Educacion|02- RES 108-18 - 24299237-APN-CONEAU-ME.pdf|RES 108-18
74|012- ESP Planeamiento y Gestion de la Educacion|P00012|ESP|Planeamiento y Gestion de la Educacion|02- RES 150-08 - Esp Planeam Gestion Educ.pdf|RES 150-08
75|012- ESP Planeamiento y Gestion de la Educacion|P00012|ESP|Planeamiento y Gestion de la Educacion|02- RES 188-01 - Esp Planeam Gest Educ.pdf|RES 188-01
76|012- ESP Planeamiento y Gestion de la Educacion|P00012|ESP|Planeamiento y Gestion de la Educacion|03- RME 2622-15 - Ministerial.pdf|RME 2622-15
77|012- ESP Planeamiento y Gestion de la Educacion|P00012|ESP|Planeamiento y Gestion de la Educacion|03- RME 3113-19 - ESP en Planeamiento.pdf|RME 3113-19
78|013- ESP Gestion y Docencia para la Educacion Superior|P00013|ESP|Gestion y Docencia para la Educacion Superior|01- RCS 024-04 - Creación y Plan.pdf|RCS 024-04
79|013- ESP Gestion y Docencia para la Educacion Superior|P00013|ESP|Gestion y Docencia para la Educacion Superior|01- RCS 035-05 - Modif - Plan.pdf|RCS 035-05
80|013- ESP Gestion y Docencia para la Educacion Superior|P00013|ESP|Gestion y Docencia para la Educacion Superior|02- RES 060-06 - Esp en Gestion y Docencia Universitaria.pdf|RES 060-06
81|013- ESP Gestion y Docencia para la Educacion Superior|P00013|ESP|Gestion y Docencia para la Educacion Superior|02- RES 340-13 - CONEAU Categoria B.pdf|RES 340-13
82|013- ESP Gestion y Docencia para la Educacion Superior|P00013|ESP|Gestion y Docencia para la Educacion Superior|03- RME 1028-06 - Docencia Educacion Superior.pdf|RME 1028-06
83|013- ESP Gestion y Docencia para la Educacion Superior|P00013|ESP|Gestion y Docencia para la Educacion Superior|03- RME 648-17 - Ministerial.pdf|RME 648-17
84|014- ESP Orientacion Vocacional y Educativa|P00014|ESP|Orientacion Vocacional y Educativa|01- RCS 015-03 - UNTREF.pdf|RCS 015-03
85|014- ESP Orientacion Vocacional y Educativa|P00014|ESP|Orientacion Vocacional y Educativa|02- RES 871-05 - CONEAU provisorio.pdf|RES 871-05
86|014- ESP Orientacion Vocacional y Educativa|P00014|ESP|Orientacion Vocacional y Educativa|02- RES 950-14 - CONEAU.pdf|RES 950-14
87|014- ESP Orientacion Vocacional y Educativa|P00014|ESP|Orientacion Vocacional y Educativa|03- RME 199-06 - MINISTERIO.pdf|RME 199-06
88|016- ESP Estudios Judaicos y Judeoamericanos|P00016|ESP|Estudios Judaicos y Judeoamericanos|01- RCS 021-03 - Plan.pdf|RCS 021-03
89|016- ESP Estudios Judaicos y Judeoamericanos|P00016|ESP|Estudios Judaicos y Judeoamericanos|01- RCS 031-05 - modif plan.pdf|RCS 031-05
90|016- ESP Estudios Judaicos y Judeoamericanos|P00016|ESP|Estudios Judaicos y Judeoamericanos|02- RES 239-14 - CONEAU.pdf|RES 239-14
91|016- ESP Estudios Judaicos y Judeoamericanos|P00016|ESP|Estudios Judaicos y Judeoamericanos|02- RES 430-07 - CONEAU - Esp Estud Judaicos.pdf|RES 430-07
92|016- ESP Estudios Judaicos y Judeoamericanos|P00016|ESP|Estudios Judaicos y Judeoamericanos|03- RME 2979-15 - ESP EST JUDA.pdf|RME 2979-15
93|017- ESP Estudios Arabes AmercanoArabes e Islamicos|P00017|ESP|Estudios Arabes AmercanoArabes e Islamicos|01- RCS 021-03 - Plan.pdf|RCS 021-03
94|017- ESP Estudios Arabes AmercanoArabes e Islamicos|P00017|ESP|Estudios Arabes AmercanoArabes e Islamicos|01- RCS 032-05 - Modif Plan ESP Arabes.pdf|RCS 032-05
95|017- ESP Estudios Arabes AmercanoArabes e Islamicos|P00017|ESP|Estudios Arabes AmercanoArabes e Islamicos|02- RES 241-14 - CONEAU.pdf|RES 241-14
96|017- ESP Estudios Arabes AmercanoArabes e Islamicos|P00017|ESP|Estudios Arabes AmercanoArabes e Islamicos|02- RES 429-07 - CONEAU Esp Est Arabes.pdf|RES 429-07
97|017- ESP Estudios Arabes AmercanoArabes e Islamicos|P00017|ESP|Estudios Arabes AmercanoArabes e Islamicos|03- RME 2961-15 - Ministerial.pdf|RME 2961-15
98|019- ESP Estudios Afroamericanos|P00019|ESP|Estudios Afroamericanos|01- RCS 021-03 - Plan.pdf|RCS 021-03
99|019- ESP Estudios Afroamericanos|P00019|ESP|Estudios Afroamericanos|02- RES 240-14 - CONEAU.pdf|RES 240-14
100|019- ESP Estudios Afroamericanos|P00019|ESP|Estudios Afroamericanos|02- RES 428-07 - Esp Estudios Afro.pdf|RES 428-07
101|019- ESP Estudios Afroamericanos|P00019|ESP|Estudios Afroamericanos|03- RME 2524-16 - Ministerial.pdf|RME 2524-16
102|020- DOC Historia|P00020|DOC|Historia|01- RCS 022-05 - Creacion Plan - UNTREF.pdf|RCS 022-05
103|020- DOC Historia|P00020|DOC|Historia|01- RCS 029-05 - Modif. denominacion Asig. - MA y DOC Historia - sin plan.pdf|RCS 029-05
104|020- DOC Historia|P00020|DOC|Historia|02- RES 903-13 - CONEAU.pdf|RES 903-13
105|020- DOC Historia|P00020|DOC|Historia|02- SES 243-07 - CONEAU.pdf|SES 243-07
106|020- DOC Historia|P00020|DOC|Historia|03- RM 1846-07 - MINISTERIO.pdf|RM 1846-07
107|021- DOC Epistemologia e Historia de la Ciencia|P00021|DOC|Epistemologia e Historia de la Ciencia|01- RCS 020-09 - Modif. Plan - ESP y DR EHC.pdf|RCS 020-09
108|021- DOC Epistemologia e Historia de la Ciencia|P00021|DOC|Epistemologia e Historia de la Ciencia|01- RCS 029-07 - UNTREF Modif Plan - DEHC.pdf|RCS 029-07
109|021- DOC Epistemologia e Historia de la Ciencia|P00021|DOC|Epistemologia e Historia de la Ciencia|01- RCS 398-98 - Creac. Plan - DEHC.pdf|RCS 398-98
110|021- DOC Epistemologia e Historia de la Ciencia|P00021|DOC|Epistemologia e Historia de la Ciencia|02- RES 214-09 - CONEAU - DEHC.pdf|RES 214-09
111|021- DOC Epistemologia e Historia de la Ciencia|P00021|DOC|Epistemologia e Historia de la Ciencia|02- RES 270-18 - CONEAU - DEHC.pdf|RES 270-18
112|021- DOC Epistemologia e Historia de la Ciencia|P00021|DOC|Epistemologia e Historia de la Ciencia|02- RES 363-00 - CONEAU - DEHC.pdf|RES 363-00
113|021- DOC Epistemologia e Historia de la Ciencia|P00021|DOC|Epistemologia e Historia de la Ciencia|02- RES 617-10 - CONEAU - DEHC.pdf|RES 617-10
114|021- DOC Epistemologia e Historia de la Ciencia|P00021|DOC|Epistemologia e Historia de la Ciencia|02- RES 628-17 - CONEAU - DEHC.pdf|RES 628-17
115|021- DOC Epistemologia e Historia de la Ciencia|P00021|DOC|Epistemologia e Historia de la Ciencia|03- RM 2745-19 - DOC EPISTEMOLOGIA E HISTORIA DE LA CIENCIA.pdf|RM 2745-19
116|021- DOC Epistemologia e Historia de la Ciencia|P00021|DOC|Epistemologia e Historia de la Ciencia|03- RM 824-00 - MINISTERIO - DEHC.pdf|RM 824-00
117|022- MAE Creacion Musical Nuevas Tecnologias y Artes Tradicionales|P00022|MAE|Creacion Musical Nuevas Tecnologias y Artes Tradicionales|01- RCS 006-06 - UNTREF Plan.pdf|RCS 006-06
118|022- MAE Creacion Musical Nuevas Tecnologias y Artes Tradicionales|P00022|MAE|Creacion Musical Nuevas Tecnologias y Artes Tradicionales|01- RCS 028-13 - UNTREF.pdf|RCS 028-13
119|022- MAE Creacion Musical Nuevas Tecnologias y Artes Tradicionales|P00022|MAE|Creacion Musical Nuevas Tecnologias y Artes Tradicionales|01- RCS 043-16 - Modif. Plan y Regla.pdf|RCS 043-16
120|022- MAE Creacion Musical Nuevas Tecnologias y Artes Tradicionales|P00022|MAE|Creacion Musical Nuevas Tecnologias y Artes Tradicionales|02- RES 133-07 - CONEAU creacion musical - Retiro.pdf|RES 133-07
121|022- MAE Creacion Musical Nuevas Tecnologias y Artes Tradicionales|P00022|MAE|Creacion Musical Nuevas Tecnologias y Artes Tradicionales|02- RES 318-17 - 17357933-APN-CONEAU-ME.pdf|RES 318-17
122|022- MAE Creacion Musical Nuevas Tecnologias y Artes Tradicionales|P00022|MAE|Creacion Musical Nuevas Tecnologias y Artes Tradicionales|02- RES 843-13 - CONEAU Creación Musical y Artes tradicionales.pdf|RES 843-13
123|022- MAE Creacion Musical Nuevas Tecnologias y Artes Tradicionales|P00022|MAE|Creacion Musical Nuevas Tecnologias y Artes Tradicionales|03- RME 543-17 - MINISTERIO.pdf|RME 543-17
124|024- CUR Gestión Logística con Orientación en Alimentos|P00024|CUR|Gestión Logística con Orientación en Alimentos|01- RCS 488-14 - GESTION LOGISTICA.pdf|RCS 488-14
125|024- CUR Gestión Logística con Orientación en Alimentos|P00024|CUR|Gestión Logística con Orientación en Alimentos|01- RR 2026-05 - ALTA GERENCIA.pdf|RR 2026-05
126|025- DIP Alta Gerencia en la Logistica y la Calidad de los Alimentos - DISCONTINUADA|P00025|DIP|Alta Gerencia en la Logistica y la Calidad de los Alimentos |Sin Archivo|Archivo
127|026- DOC Educacion|P00026|DOC|Educacion|01- RCS 007-07 - Modificación del Plan PIDE - UNLA-UNTREF.pdf|RCS 007-07
128|026- DOC Educacion|P00026|DOC|Educacion|01- RCS 011-06 - Creación PIDE - UNLA-UNTREF.pdf|RCS 011-06
129|026- DOC Educacion|P00026|DOC|Educacion|02- Acta 249-07 - CONEAU - UNLA-UNTREF.pdf|Acta 249-07
130|026- DOC Educacion|P00026|DOC|Educacion|02- RES 329-13 - CONEAU - UNLA-UNTREF-UNSAM.pdf|RES 329-13
131|026- DOC Educacion|P00026|DOC|Educacion|03- RM 1970-08 - MINISTERIO - UNLA-UNTREF.pdf|RM 1970-08
132|026- DOC Educacion|P00026|DOC|Educacion|03- RM 2785-15 DOCTOR EN EDUCACION - UNLA-UNTREF-UNSAM.pdf|RM 2785-15 DOCTOR EN EDUCACION
133|028- ESP Gestion Logistica Calidad y Comercio Internacional con Orientacion en Alimentos|P00028|ESP|Gestion Logistica Calidad y Comercio Internacional con Orientacion en Alimentos|01- RCS 002-14 - Modif. plan.pdf|RCS 002-14
134|028- ESP Gestion Logistica Calidad y Comercio Internacional con Orientacion en Alimentos|P00028|ESP|Gestion Logistica Calidad y Comercio Internacional con Orientacion en Alimentos|01- RCS 004-08 - Modif. nombre ESP en LOG - sin plan.pdf|RCS 004-08
135|028- ESP Gestion Logistica Calidad y Comercio Internacional con Orientacion en Alimentos|P00028|ESP|Gestion Logistica Calidad y Comercio Internacional con Orientacion en Alimentos|01- RCS 008-07 - Esp en Gestion Logistica.pdf|RCS 008-07
136|028- ESP Gestion Logistica Calidad y Comercio Internacional con Orientacion en Alimentos|P00028|ESP|Gestion Logistica Calidad y Comercio Internacional con Orientacion en Alimentos|01- RCS 014-09 - Modif. Plan ESP en LOG.pdf|RCS 014-09
137|028- ESP Gestion Logistica Calidad y Comercio Internacional con Orientacion en Alimentos|P00028|ESP|Gestion Logistica Calidad y Comercio Internacional con Orientacion en Alimentos|01- RCS 911-14 - Anexo I Resol. Rect. 1843-13.pdf|RCS 911-14
138|028- ESP Gestion Logistica Calidad y Comercio Internacional con Orientacion en Alimentos|P00028|ESP|Gestion Logistica Calidad y Comercio Internacional con Orientacion en Alimentos|02- RES 1153-15 - CONEAU.pdf|RES 1153-15
139|028- ESP Gestion Logistica Calidad y Comercio Internacional con Orientacion en Alimentos|P00028|ESP|Gestion Logistica Calidad y Comercio Internacional con Orientacion en Alimentos|02- RES 662-11 - Esp Gestion Logistica.pdf|RES 662-11
140|028- ESP Gestion Logistica Calidad y Comercio Internacional con Orientacion en Alimentos|P00028|ESP|Gestion Logistica Calidad y Comercio Internacional con Orientacion en Alimentos|02- SES 275-08 - CONEAU No aprobación.pdf|SES 275-08
141|028- ESP Gestion Logistica Calidad y Comercio Internacional con Orientacion en Alimentos|P00028|ESP|Gestion Logistica Calidad y Comercio Internacional con Orientacion en Alimentos|03- RM 4236-17 - ESP EN GESTION LOGISTICA.pdf|RM 4236-17
142|028- ESP Gestion Logistica Calidad y Comercio Internacional con Orientacion en Alimentos|P00028|ESP|Gestion Logistica Calidad y Comercio Internacional con Orientacion en Alimentos|03- RM 542-17 - MINISTERIO.pdf|RM 542-17
143|029- CUR Sistemas de Calidad y Comercio Internacional de los Alimentos|P00029|CUR|Sistemas de Calidad y Comercio Internacional de los Alimentos|01- RCS 487-14 - SISTEMAS DE CALIDAD.pdf|RCS 487-14
144|029- CUR Sistemas de Calidad y Comercio Internacional de los Alimentos|P00029|CUR|Sistemas de Calidad y Comercio Internacional de los Alimentos|01- RR 2266-06 - COMERCIO INTERNACIONAL.pdf|RR 2266-06
145|030- DIP Gestion Logistica y Comercio Internacional - DISCONTINUADA|P00030|DIP|Gestion Logistica y Comercio Internacional |Sin Archivo|Archivo
146|031- CUR Industrias Culturales|P00031|CUR|Industrias Culturales|Sin Archivo|Archivo
147|033- MAE Tecnologia y Estetica de las Artes Electronicas|P00033|MAE|Tecnologia y Estetica de las Artes Electronicas|01- RCS 011-07 - UNTREF Plan - MAE ARTES ELECTR.pdf|RCS 011-07
148|033- MAE Tecnologia y Estetica de las Artes Electronicas|P00033|MAE|Tecnologia y Estetica de las Artes Electronicas|01- RCS 018-13 - Modif Plan - MAE ARTES ELECTR.pdf|RCS 018-13
149|033- MAE Tecnologia y Estetica de las Artes Electronicas|P00033|MAE|Tecnologia y Estetica de las Artes Electronicas|02- RES 271-08 - CONEAU Dictamen - MAE ARTES ELECTR.pdf|RES 271-08
150|033- MAE Tecnologia y Estetica de las Artes Electronicas|P00033|MAE|Tecnologia y Estetica de las Artes Electronicas|02- RES 647-13 - CONEAU MAE ARTES ELECTR.pdf|RES 647-13
151|033- MAE Tecnologia y Estetica de las Artes Electronicas|P00033|MAE|Tecnologia y Estetica de las Artes Electronicas|03- RME 078-17 -  MAE ARTES ELECTR.pdf|RME 078-17
152|033- MAE Tecnologia y Estetica de las Artes Electronicas|P00033|MAE|Tecnologia y Estetica de las Artes Electronicas|03- RME 161-09 - MINISTERIO MAE ARTES ELECTR.pdf|RME 161-09
153|034- ESP Gestion para la Defensa|P00034|ESP|Gestion para la Defensa|01- RCS 008-09 - plan.pdf|RCS 008-09
154|034- ESP Gestion para la Defensa|P00034|ESP|Gestion para la Defensa|02- RES 1263-15 - CONEAU.pdf|RES 1263-15
155|034- ESP Gestion para la Defensa|P00034|ESP|Gestion para la Defensa|02- SES 325-11 - CONEAU.pdf|SES 325-11
156|035- ESP Medicina del Trabajo|P00035|ESP|Medicina del Trabajo|01- RCS 033-02 - Creacion Plan.pdf|RCS 033-02
157|035- ESP Medicina del Trabajo|P00035|ESP|Medicina del Trabajo|02- SES 255-07 - CONEAU.pdf|SES 255-07
158|035- ESP Medicina del Trabajo|P00035|ESP|Medicina del Trabajo|03- RME 091-11 - Ministerial.pdf|RME 091-11
159|037- MAE Periodismo Documental|P00037|MAE|Periodismo Documental|01- RCS 008-08 - Creac. Plan - MAE PER DOCUMENTAL.pdf|RCS 008-08
160|037- MAE Periodismo Documental|P00037|MAE|Periodismo Documental|01- RCS 011-09 - Modif. Plan de Estudios - MAE PER DOCUMENTAL.pdf|RCS 011-09
161|037- MAE Periodismo Documental|P00037|MAE|Periodismo Documental|01- RCS 012-10 - Modif. Plan de Estudios - MAE PER DOCUMENTAL.pdf|RCS 012-10
162|037- MAE Periodismo Documental|P00037|MAE|Periodismo Documental|01- RCS 017-18 - Modif Plan de Estudios.pdf|RCS 017-18
163|037- MAE Periodismo Documental|P00037|MAE|Periodismo Documental|01- RCS 027-15 - Modif. de Plan de Estudios - MAE PER DOCUMENTAL.pdf|RCS 027-15
164|037- MAE Periodismo Documental|P00037|MAE|Periodismo Documental|02- IF 2020-18827726 - MPERDOC APN-DAC-CONEAU - Anexo.pdf|IF 2020-18827726
165|037- MAE Periodismo Documental|P00037|MAE|Periodismo Documental|02- IF 2020-18827726 - MPERDOC APN-DAC-CONEAU.pdf|IF 2020-18827726
166|037- MAE Periodismo Documental|P00037|MAE|Periodismo Documental|02- RES 192-16 - CONEAU no acreditacion.pdf|RES 192-16
167|037- MAE Periodismo Documental|P00037|MAE|Periodismo Documental|02- SES 299-09 - CONEAU.pdf|SES 299-09
168|037- MAE Periodismo Documental|P00037|MAE|Periodismo Documental|02- SES 328-11 - CONEAU.pdf|SES 328-11
169|037- MAE Periodismo Documental|P00037|MAE|Periodismo Documental|03- RME 139-13 - MINISTERIO.pdf|RME 139-13
170|038- ESP Economia y Negocios con Asia del Pacifico e India|P00038|ESP|Economia y Negocios con Asia del Pacifico e India|01- RCS 005-09 - Creacion - Regl - Plan.pdf|RCS 005-09
171|038- ESP Economia y Negocios con Asia del Pacifico e India|P00038|ESP|Economia y Negocios con Asia del Pacifico e India|02- RES 054-16 - CONEAU Anexo.pdf|RES 054-16
172|038- ESP Economia y Negocios con Asia del Pacifico e India|P00038|ESP|Economia y Negocios con Asia del Pacifico e India|02- RES 054-16 - CONEAU.pdf|RES 054-16
173|038- ESP Economia y Negocios con Asia del Pacifico e India|P00038|ESP|Economia y Negocios con Asia del Pacifico e India|02- SES 327-11 - EENAI.pdf|SES 327-11
174|038- ESP Economia y Negocios con Asia del Pacifico e India|P00038|ESP|Economia y Negocios con Asia del Pacifico e India|03- RME 147-13 - Ministerial.pdf|RME 147-13
175|038- ESP Economia y Negocios con Asia del Pacifico e India|P00038|ESP|Economia y Negocios con Asia del Pacifico e India|03- RME 4117-17 - EENAI.pdf|RME 4117-17
176|039- MAE Politicas Sociales Urbanas|P00039|MAE|Politicas Sociales Urbanas|01- RCS 009-09 - Creacion y Plan.pdf|RCS 009-09
177|039- MAE Politicas Sociales Urbanas|P00039|MAE|Politicas Sociales Urbanas|01- RCS 043-12 - Creac Plan Regla.pdf|RCS 043-12
178|039- MAE Politicas Sociales Urbanas|P00039|MAE|Politicas Sociales Urbanas|01- RCS 043-15 - Modif plan de estudios.pdf|RCS 043-15
179|039- MAE Politicas Sociales Urbanas|P00039|MAE|Politicas Sociales Urbanas|02- RES 002-16 - CONEAU.pdf|RES 002-16
180|039- MAE Politicas Sociales Urbanas|P00039|MAE|Politicas Sociales Urbanas|02- SES 322-10 - CONEAU.pdf|SES 322-10
181|039- MAE Politicas Sociales Urbanas|P00039|MAE|Politicas Sociales Urbanas|03- RME 2391-18  -MAE PSU.pdf|RME 2391-18  -MAE PSU.pdf
182|040- ESP Politicas Sociales Urbanas|P00040|ESP|Politicas Sociales Urbanas|01- RCS 005-11 - Modif. Plan de Estudios - ESP POLITICAS SOCIALES URBANAS.pdf|RCS 005-11
183|040- ESP Politicas Sociales Urbanas|P00040|ESP|Politicas Sociales Urbanas|01- RCS 016-14 - Reglamento.pdf|RCS 016-14
184|040- ESP Politicas Sociales Urbanas|P00040|ESP|Politicas Sociales Urbanas|01- RCS 032-08 - Creac. Plan.pdf|RCS 032-08
185|040- ESP Politicas Sociales Urbanas|P00040|ESP|Politicas Sociales Urbanas|01- RCS 044-15 - Modif. plan de estudios.pdf|RCS 044-15
186|040- ESP Politicas Sociales Urbanas|P00040|ESP|Politicas Sociales Urbanas|02- RES 016-16 - CONEAU RESFC-2016-16.pdf|RES 016-16
187|040- ESP Politicas Sociales Urbanas|P00040|ESP|Politicas Sociales Urbanas|02- RES 342-11 - Acreditacion CONEAU.pdf|RES 342-11
188|040- ESP Politicas Sociales Urbanas|P00040|ESP|Politicas Sociales Urbanas|03- RME 1293-18 - EPSU.pdf|RME 1293-18
189|040- ESP Politicas Sociales Urbanas|P00040|ESP|Politicas Sociales Urbanas|03- RME 527-13 - Ministerial.pdf|RME 527-13
190|041- MAE Curaduria en Artes Visuales|P00041|MAE|Curaduria en Artes Visuales|01- RCS 028-09 - Creacion Plan.pdf|RCS 028-09
191|041- MAE Curaduria en Artes Visuales|P00041|MAE|Curaduria en Artes Visuales|02- RES 253-17 - CONEAU.pdf|RES 253-17
192|041- MAE Curaduria en Artes Visuales|P00041|MAE|Curaduria en Artes Visuales|02- SES 351-12 - Dictamen CONEAU.pdf|SES 351-12
193|041- MAE Curaduria en Artes Visuales|P00041|MAE|Curaduria en Artes Visuales|03- RME 2064-14 - MAE curaduria.pdf|RME 2064-14
194|042- ESP Curaduria en Artes Visuales|P00042|ESP|Curaduria en Artes Visuales|01- RCS 027-09 - Creacion Plan - ESP CURADURIA.pdf|RCS 027-09
195|042- ESP Curaduria en Artes Visuales|P00042|ESP|Curaduria en Artes Visuales|02- RES 105-18 - RS-2018-24298654-APN-CONEAU-ME-CONEAU.pdf|RES 105-18
196|042- ESP Curaduria en Artes Visuales|P00042|ESP|Curaduria en Artes Visuales|02- SES 351-12 - CONEAU.pdf|SES 351-12
197|042- ESP Curaduria en Artes Visuales|P00042|ESP|Curaduria en Artes Visuales|03- RM 985-14 - MINISTERIO.pdf|RM 985-14
198|042- ESP Curaduria en Artes Visuales|P00042|ESP|Curaduria en Artes Visuales|03- RME 2819-19 - ESP EN CURADURIA EN ARTES VISUALES.pdf|RME 2819-19
199|043- ESP Gestion Publica|P00043|ESP|Gestion Publica|01- RCS 008-10 - Creacion.pdf|RCS 008-10
200|043- ESP Gestion Publica|P00043|ESP|Gestion Publica|01- RCS 032-15 - Modif. plan.pdf|RCS 032-15
201|043- ESP Gestion Publica|P00043|ESP|Gestion Publica|02- RES 547-16 - C21215-14.pdf|RES 547-16
202|043- ESP Gestion Publica|P00043|ESP|Gestion Publica|02- SES 340-11 - CONEAU.pdf|SES 340-11
203|043- ESP Gestion Publica|P00043|ESP|Gestion Publica|03- RME 1680-14 - Gestion Publica.pdf|RME 1680-14
204|043- ESP Gestion Publica|P00043|ESP|Gestion Publica|03- RME 1949-17 - ESP EN GESTION PUBLICA.pdf|RME 1949-17
205|044- ESP Intervencion y Gestion Gerontologica|P00044|ESP|Intervencion y Gestion Gerontologica|01- RCS 009-10 - Creacion.pdf|RCS 009-10
206|044- ESP Intervencion y Gestion Gerontologica|P00044|ESP|Intervencion y Gestion Gerontologica|02- SES 346-11 - Dictamen Coneau.pdf|SES 346-11
207|044- ESP Intervencion y Gestion Gerontologica|P00044|ESP|Intervencion y Gestion Gerontologica|03- RME 1655-14 - Ministerial.pdf|RME 1655-14
208|048- MAE Analisis Politico|P00048|MAE|Analisis Politico|01- RCS 007-09 - Creac Plan.pdf|RCS 007-09
209|048- MAE Analisis Politico|P00048|MAE|Analisis Politico|01- RCS 008-12 - Modificacion plan.pdf|RCS 008-12
210|048- MAE Analisis Politico|P00048|MAE|Analisis Politico|02- IF 2020-42486826 - MAE ANA POLITICO - APN-DAC-CONEAU.pdf|IF 2020-42486826
211|048- MAE Analisis Politico|P00048|MAE|Analisis Politico|02- RS 2020-44673854-APN-CONEAU-ME.pdf|RS 2020-44673854-APN-CONEAU-ME.pdf
212|048- MAE Analisis Politico|P00048|MAE|Analisis Politico|02- SES 320-10 - Dictamen CONEAU NO ACRED.pdf|SES 320-10
213|048- MAE Analisis Politico|P00048|MAE|Analisis Politico|02- SES 378-13 - Dictamen CONEAU.pdf|SES 378-13
214|048- MAE Analisis Politico|P00048|MAE|Analisis Politico|03- RME 562-15 - Ministerial.pdf|RME 562-15
215|049- ESP Analisis Politico|P00049|ESP|Analisis Politico|01- RCS 007-09 - Creac Plan.pdf|RCS 007-09
216|053- ESP Gestion de la Tecnologia y la Innovacion|P00053|ESP|Gestion de la Tecnologia y la Innovacion|01- RCS 034-09 - Creacion.pdf|RCS 034-09
217|053- ESP Gestion de la Tecnologia y la Innovacion|P00053|ESP|Gestion de la Tecnologia y la Innovacion|02- RES 350-15 - CONEAU.pdf|RES 350-15
218|053- ESP Gestion de la Tecnologia y la Innovacion|P00053|ESP|Gestion de la Tecnologia y la Innovacion|02- RES 921-09 - CONEAU Esp Gestion Tecn Innov.pdf|RES 921-09
219|053- ESP Gestion de la Tecnologia y la Innovacion|P00053|ESP|Gestion de la Tecnologia y la Innovacion|03- RME 510-17 - Esp Gestion Tecn Innov.pdf|RME 510-17
220|054- ESP Economia Social|P00054|ESP|Economia Social|01- RCS 005-06 - Creac Plan.pdf|RCS 005-06
221|054- ESP Economia Social|P00054|ESP|Economia Social|02- SES 268-08 - CONEAU.pdf|SES 268-08
222|054- ESP Economia Social|P00054|ESP|Economia Social|03- RME 1719-08 - MINISTERIO.pdf|RME 1719-08
223|056- ESP Politicas Agroalimentarias|P00056|ESP|Politicas Agroalimentarias|01- RCS 003-14 - UNTREF Modif. Plan.pdf|RCS 003-14
224|056- ESP Politicas Agroalimentarias|P00056|ESP|Politicas Agroalimentarias|01- RCS 025-11 - UNTREF Creacion - Regl - Plan.pdf|RCS 025-11
225|056- ESP Politicas Agroalimentarias|P00056|ESP|Politicas Agroalimentarias|02- IF 2020-26785066 - ESP AGRO - APN-DAC-CONEAU - Anexo.pdf|IF 2020-26785066
226|056- ESP Politicas Agroalimentarias|P00056|ESP|Politicas Agroalimentarias|02- RES 391-13 - CONEAU - pol agroalimentarias.pdf|RES 391-13
227|056- ESP Politicas Agroalimentarias|P00056|ESP|Politicas Agroalimentarias|02- RS 2020-29219094 - ESP AGRO APN-CONEAU-ME.pdf|RS 2020-29219094
228|056- ESP Politicas Agroalimentarias|P00056|ESP|Politicas Agroalimentarias|03- RM 1197-15 - MINISTERIO.pdf|RM 1197-15
229|057- ESP Gestion de Lenguas|P00057|ESP|Gestion de Lenguas|01- RCS 004-11 - Creacion.pdf|RCS 004-11
230|057- ESP Gestion de Lenguas|P00057|ESP|Gestion de Lenguas|02- RES 315-17 - RS-2017-17357692-APN-CONEAU-ME.pdf|RES 315-17
231|057- ESP Gestion de Lenguas|P00057|ESP|Gestion de Lenguas|02- SES 358-12 - CONEAU.pdf|SES 358-12
232|057- ESP Gestion de Lenguas|P00057|ESP|Gestion de Lenguas|03- RME 2067-14 - ESP Gestion de lenguas.pdf|RME 2067-14
233|058- MAE Derechos Humanos Estado y Sociedad|P00058|MAE|Derechos Humanos Estado y Sociedad|01- RCS 007-12 - Creacion Plan Regla DDHH.pdf|RCS 007-12
234|058- MAE Derechos Humanos Estado y Sociedad|P00058|MAE|Derechos Humanos Estado y Sociedad|02- SES 378-13 - CONEAU.pdf|SES 378-13
235|058- MAE Derechos Humanos Estado y Sociedad|P00058|MAE|Derechos Humanos Estado y Sociedad|03- RME 1440-15 - DDHH.pdf|RME 1440-15
236|059- ESP Tributacion Local|P00059|ESP|Tributacion Local|01- RCS 004-12 - Creacion.pdf|RCS 004-12
237|059- ESP Tributacion Local|P00059|ESP|Tributacion Local|01- RCS 007-14 - Modif Plan.pdf|RCS 007-14
238|059- ESP Tributacion Local|P00059|ESP|Tributacion Local|02- RES 05-16 - RESFC-2016-5.pdf|RES 05-16
239|059- ESP Tributacion Local|P00059|ESP|Tributacion Local|02- SES 375-13 - Dictamen desfavorable CONEAU.pdf|SES 375-13
240|059- ESP Tributacion Local|P00059|ESP|Tributacion Local|03- RME 4219-17 - Ministerial.pdf|RME 4219-17
241|059- ESP Tributacion Local|P00059|ESP|Tributacion Local|03- RME 564-15 - Ministerial.pdf|RME 564-15
242|060- MAE Estudios Literarios Latinoamericanos|P00060|MAE|Estudios Literarios Latinoamericanos|01- RCS 016-17 - modif. plan y regla.pdf|RCS 016-17
243|060- MAE Estudios Literarios Latinoamericanos|P00060|MAE|Estudios Literarios Latinoamericanos|01- RCS 037-11 - Creacion Plan Regla.pdf|RCS 037-11
244|060- MAE Estudios Literarios Latinoamericanos|P00060|MAE|Estudios Literarios Latinoamericanos|02- RES 024-18 - 13257795-APN-CONEAU-ME.pdf|RES 024-18
245|060- MAE Estudios Literarios Latinoamericanos|P00060|MAE|Estudios Literarios Latinoamericanos|02- SES 368-12 - Dictamen CONEAU.pdf|SES 368-12
246|060- MAE Estudios Literarios Latinoamericanos|P00060|MAE|Estudios Literarios Latinoamericanos|03- RME 1247-15 - Estudios Literarios.pdf|RME 1247-15
247|061- ESP Gestion de Empresas de Agua y Saneamiento|P00061|ESP|Gestion de Empresas de Agua y Saneamiento|01- RCS 015-12 - Creac Regla Plan - ESP AYSA.pdf|RCS 015-12
248|062- MAE Escritura Creativa|P00062|MAE|Escritura Creativa|01- RCS 005-13 - Crea y Regla - MAE Escritura Creativa.pdf|RCS 005-13
249|062- MAE Escritura Creativa|P00062|MAE|Escritura Creativa|01- RCS 015-18 - Modif. de Plan.pdf|RCS 015-18
250|062- MAE Escritura Creativa|P00062|MAE|Escritura Creativa|02- RES 270-17 - 15630116-APN-CONEAU-ME.pdf|RES 270-17
251|062- MAE Escritura Creativa|P00062|MAE|Escritura Creativa|02- SES 408-14 - 11380_13 D.pdf|SES 408-14
252|062- MAE Escritura Creativa|P00062|MAE|Escritura Creativa|03- RME 1471-16 - MAG EN ESCRITURA CREATIVA.pdf|RME 1471-16
253|063- MAE Gestion y Evaluacion de la Educacion|P00063|MAE|Gestion y Evaluacion de la Educacion|01- RCS 027-13 - Adhesion a PAE.pdf|RCS 027-13
254|063- MAE Gestion y Evaluacion de la Educacion|P00063|MAE|Gestion y Evaluacion de la Educacion|01- RCS 035-12 - Creacion.pdf|RCS 035-12
255|063- MAE Gestion y Evaluacion de la Educacion|P00063|MAE|Gestion y Evaluacion de la Educacion|02- SES 387-13 - MAE Profesional.pdf|SES 387-13
256|063- MAE Gestion y Evaluacion de la Educacion|P00063|MAE|Gestion y Evaluacion de la Educacion|03- RME 2422-15 - Ministerial.pdf|RME 2422-15
257|064- MAE Abogacia del Estado|P00064|MAE|Abogacia del Estado|01- RCS 036-13 - Creacion.pdf|RCS 036-13
258|064- MAE Abogacia del Estado|P00064|MAE|Abogacia del Estado|02- SES 408-14 - 11506_13 D (1).pdf|SES 408-14
259|064- MAE Abogacia del Estado|P00064|MAE|Abogacia del Estado|03- RME 2811-15 - Ministerial.pdf|RME 2811-15
260|065- DOC Politica y Gestion de la Educacion Superior|P00065|DOC|Politica y Gestion de la Educacion Superior|01- RCS 004-13 - Plan Modif.pdf|RCS 004-13
261|065- DOC Politica y Gestion de la Educacion Superior|P00065|DOC|Politica y Gestion de la Educacion Superior|01- RCS 006-12 - Creacion - UNTREF.pdf|RCS 006-12
262|065- DOC Politica y Gestion de la Educacion Superior|P00065|DOC|Politica y Gestion de la Educacion Superior|01- RCS 013-18 - Modif. de Plan.pdf|RCS 013-18
263|065- DOC Politica y Gestion de la Educacion Superior|P00065|DOC|Politica y Gestion de la Educacion Superior|02- SES 379-13 - CONEAU.pdf|SES 379-13
264|065- DOC Politica y Gestion de la Educacion Superior|P00065|DOC|Politica y Gestion de la Educacion Superior|03- RM 1520-15 - MINISTERIO.pdf|RM 1520-15
265|066- MAE Politicas y Gestion de las Migraciones Internacionales|P00066|MAE|Politicas y Gestion de las Migraciones Internacionales|01- RCS 041-11 - Plan y Reglamento.pdf|RCS 041-11
266|066- MAE Politicas y Gestion de las Migraciones Internacionales|P00066|MAE|Politicas y Gestion de las Migraciones Internacionales|02- SES 391-13 - CONEAU.pdf|SES 391-13
267|066- MAE Politicas y Gestion de las Migraciones Internacionales|P00066|MAE|Politicas y Gestion de las Migraciones Internacionales|03- RME 2363-15 - Ministerial.pdf|RME 2363-15
268|067- ESP Docencia Universitaria|P00067|ESP|Docencia Universitaria|01- RCS 045-13 - UNTREF Creación - Plan.pdf|RCS 045-13
269|067- ESP Docencia Universitaria|P00067|ESP|Docencia Universitaria|02- SES 415-15 - CONEAU.pdf|SES 415-15
270|067- ESP Docencia Universitaria|P00067|ESP|Docencia Universitaria|03- RM 2018-16 - MINISTERIO.pdf|RM 2018-16
271|068- DOC Teoria Comparada de las Artes|P00068|DOC|Teoria Comparada de las Artes|01- RCS 010-13 - UNTREF.pdf|RCS 010-13
272|068- DOC Teoria Comparada de las Artes|P00068|DOC|Teoria Comparada de las Artes|02- SES 401-14 - CONEAU.pdf|SES 401-14
273|068- DOC Teoria Comparada de las Artes|P00068|DOC|Teoria Comparada de las Artes|03- RME 2804-15 - MINISTERIO.pdf|RME 2804-15
274|069- MAE Sociologia Politica Internacional|P00069|MAE|Sociologia Politica Internacional|01- RCS 042-11 - Creac Plan.pdf|RCS 042-11
275|069- MAE Sociologia Politica Internacional|P00069|MAE|Sociologia Politica Internacional|02- SES 413-14 - CONEAU.pdf|SES 413-14
276|069- MAE Sociologia Politica Internacional|P00069|MAE|Sociologia Politica Internacional|03- RME 904-17 - Mg Sociologia Politica Internacional.pdf|RME 904-17
277|070- MAE Ensenanza de Historia|P00070|MAE|Ensenanza de Historia|01- RCS 008-14 - Creacion Plan Regla Historia.pdf|RCS 008-14
278|070- MAE Ensenanza de Historia|P00070|MAE|Ensenanza de Historia|02- SES 413-14 - CONEAU.pdf|SES 413-14
279|070- MAE Ensenanza de Historia|P00070|MAE|Ensenanza de Historia|03- RM 2093-16 - MAG Ensenanza de la historia.pdf|RM 2093-16
280|071- ESP Industrias Culturales en la Convergencia Digital|P00071|ESP|Industrias Culturales en la Convergencia Digital|01- RCS 012-15 - Creac Plan Reglamento Industrias Culturales.pdf|RCS 012-15
281|071- ESP Industrias Culturales en la Convergencia Digital|P00071|ESP|Industrias Culturales en la Convergencia Digital|01- RCS 018-18 - Modif. Plan de Estudios.pdf|RCS 018-18
282|071- ESP Industrias Culturales en la Convergencia Digital|P00071|ESP|Industrias Culturales en la Convergencia Digital|02- SES 428-15 - Respuesta CONEAU - Carrera nueva 11.827-15.pdf|SES 428-15
283|071- ESP Industrias Culturales en la Convergencia Digital|P00071|ESP|Industrias Culturales en la Convergencia Digital|03- RM 1613-17 - ESPECIALISTA EN INDUSTRIAS CULTURALES.pdf|RM 1613-17
284|072- ESP Diseño Conceptual|P00072|ESP|Diseño Conceptual|01- RCS 013-15 - Creac Plan Regla - ESP DIS CONCEPTUAL.pdf|RCS 013-15
285|072- ESP Diseño Conceptual|P00072|ESP|Diseño Conceptual|02- SES 445-15 - CONEAU.pdf|SES 445-15
286|072- ESP Diseño Conceptual|P00072|ESP|Diseño Conceptual|03- RME 833-18 - ESP EN DISENO CONCEPTUAL.pdf|RME 833-18
287|073- DOC Derecho del Trabajo|P00073|DOC|Derecho del Trabajo|01- RCS 014-15 - Creac-Reglamento-Plan.pdf|RCS 014-15
288|073- DOC Derecho del Trabajo|P00073|DOC|Derecho del Trabajo|02- SES 438-16 CONEAU.pdf|SES 438-16 CONEAU.pdf
289|073- DOC Derecho del Trabajo|P00073|DOC|Derecho del Trabajo|03- RME 4128-17 - Ministerial.pdf|RME 4128-17
290|074- MAE Estudios y Politicas de Genero|P00074|MAE|Estudios y Politicas de Genero|01- RCS 007-16 - Creacion.pdf|RCS 007-16
291|074- MAE Estudios y Politicas de Genero|P00074|MAE|Estudios y Politicas de Genero|02- SES 465-17 - IF-2017-16806819-APN-CONEAU-ME.pdf|SES 465-17
292|075- ESP Estudios y Politicas de Genero|P00075|ESP|Estudios y Politicas de Genero|01- RCS 006-16 - Creacion.pdf|RCS 006-16
293|075- ESP Estudios y Politicas de Genero|P00075|ESP|Estudios y Politicas de Genero|02- SES 465-17 - IF-2017-16806833-APN-CONEAU ME.pdf|SES 465-17
294|076- MAE Gestion de Lenguas|P00076|MAE|Gestion de Lenguas|01- RCS 004-14 - Creac Plan Regla - MAE GESTION DE LENGUAS.pdf|RCS 004-14
295|076- MAE Gestion de Lenguas|P00076|MAE|Gestion de Lenguas|02- SES 424-15 - CONEAU - MAE GESTION DE LENGUAS.pdf|SES 424-15
296|076- MAE Gestion de Lenguas|P00076|MAE|Gestion de Lenguas|03- RME 1401-16 - MAE GESTION DE LENGUAS.pdf|RME 1401-16
297|079- MAE Cruces de Narrativas Culturales|P00079|MAE|Cruces de Narrativas Culturales|01- RCS 027-18 - Ratificar RR 333-18 - MAE CRUCES.pdf|RCS 027-18
298|079- MAE Cruces de Narrativas Culturales|P00079|MAE|Cruces de Narrativas Culturales|01- RR 333-18 - aprobacion de plan - MAE CRUCES.pdf|RR 333-18
299|079- MAE Cruces de Narrativas Culturales|P00079|MAE|Cruces de Narrativas Culturales|02- SES 495-18 - Recomendacion Favorable - MAE CRUCES.pdf|SES 495-18
300|080- MAE Criminologia y Seguridad Ciudadana|P00080|MAE|Criminologia y Seguridad Ciudadana|01- RCS 006-17 - Creac plan regla - MAE CRIMINOLOGIA.pdf|RCS 006-17
301|080- MAE Criminologia y Seguridad Ciudadana|P00080|MAE|Criminologia y Seguridad Ciudadana|01- RCS 016-18 - Modif. Regla.pdf|RCS 016-18
302|080- MAE Criminologia y Seguridad Ciudadana|P00080|MAE|Criminologia y Seguridad Ciudadana|01- RCS 1258-17 - Direc Coord Com Acad.pdf|RCS 1258-17
303|080- MAE Criminologia y Seguridad Ciudadana|P00080|MAE|Criminologia y Seguridad Ciudadana|02- CONEAU 27154658-2017 - Comité de Pares.pdf|CONEAU 27154658-2017
304|080- MAE Criminologia y Seguridad Ciudadana|P00080|MAE|Criminologia y Seguridad Ciudadana|02- CONEAU 31958432-2017 - Presentacion.pdf|CONEAU 31958432-2017
305|081- ESP Arte Sonoro|P00081|ESP|Arte Sonoro|01- RCS 019-18 - Creac. Plan Regla. Arte Sonoro.pdf|RCS 019-18
306|081- ESP Arte Sonoro|P00081|ESP|Arte Sonoro|01- RCS 048-19 - Modif Plan y Regla.pdf|RCS 048-19
307|081- ESP Arte Sonoro|P00081|ESP|Arte Sonoro|02- IF 2020-28490343 - ARTE SONORO - APN-CONEAU-ME.pdf|IF 2020-28490343
308|082- ESP Enfermeria en la Atencion del Paciente Critico Neonatal|P00082|ESP|Enfermeria en la Atencion del Paciente Critico Neonatal|01- RSC 014-16 - Creac Plan Regla - ESP ENFERMERIA PACIENTE NEONATAL.pdf|RSC 014-16
309|082- ESP Enfermeria en la Atencion del Paciente Critico Neonatal|P00082|ESP|Enfermeria en la Atencion del Paciente Critico Neonatal|02- SES 478-18 - IF-2018-12967699-APN-CONEAU-ME.pdf|SES 478-18
310|083- ESP Enfermeria en la Atencion del Paciente Critico Pediatrico|P00083|ESP|Enfermeria en la Atencion del Paciente Critico Pediatrico|01- RCS 013-16 - Creac Plan Regla - ESP ENFERMERIA PACIENTE PEDIATRICO.pdf|RCS 013-16
311|083- ESP Enfermeria en la Atencion del Paciente Critico Pediatrico|P00083|ESP|Enfermeria en la Atencion del Paciente Critico Pediatrico|02- SES 478-18 - IF-2018-12440328-APN-CONEAU-ME.pdf|SES 478-18
312|084- ESP Enfermeria en la Atencion del Paciente Critico Adulto|P00084|ESP|Enfermeria en la Atencion del Paciente Critico Adulto|01- RCS 012-16 - Creacion Plan Reglamento - ESP ENFERMERIA PACIENTE ADULTO.pdf|RCS 012-16
313|084- ESP Enfermeria en la Atencion del Paciente Critico Adulto|P00084|ESP|Enfermeria en la Atencion del Paciente Critico Adulto|02- SES 478-18 - IF-2018-12967751-APN-CONEAU-ME.pdf|SES 478-18
314|085- ESP Direccion y Gestion de Proyectos|P00085|ESP|Direccion y Gestion de Proyectos|01- RCS 002-18 - Creac Plan Regla - ESP DIRECCION GESTION PROYECTOS.pdf|RCS 002-18
315|085- ESP Direccion y Gestion de Proyectos|P00085|ESP|Direccion y Gestion de Proyectos|02- SES 511-19 - Esp Gestion de Proyectos.pdf|SES 511-19
316|086- ESP Genetica Derechos Humanos y Sociedad|P00086|ESP|Genetica Derechos Humanos y Sociedad|01- RCS 003-18 - Creacion.pdf|RCS 003-18
317|086- ESP Genetica Derechos Humanos y Sociedad|P00086|ESP|Genetica Derechos Humanos y Sociedad|02- SES 499-19 - ESP GENETICA.pdf|SES 499-19
318|087- ESP Gestion de Politicas para la Infancia y Adolescencia|P00087|ESP|Gestion de Politicas para la Infancia y Adolescencia|01- RCS 004-18 - Creac Plan Regla - ESP INFANCIA Y ADOL.pdf|RCS 004-18
319|088- ESP Evaluacion Educativa|P00088|ESP|Evaluacion Educativa|01- RCS 008-19 - Creac Plan - ESP EVAL EDUCATIVA.pdf|RCS 008-19
320|088- ESP Evaluacion Educativa|P00088|ESP|Evaluacion Educativa|02- SES 512-19 - ESP en Evaluacion Educativa.pdf|SES 512-19
321|089- MAE Economia y Negocios con Asia del Pacifico e India|P00089|MAE|Economia y Negocios con Asia del Pacifico e India|01- RCS 003-17 - Creac Plan Maes Economia y Negocios.pdf|RCS 003-17
322|089- MAE Economia y Negocios con Asia del Pacifico e India|P00089|MAE|Economia y Negocios con Asia del Pacifico e India|01- RCS 009-19 - Modif. Plan y Regla. - MAE ASIA PACIFICO.pdf|RCS 009-19
323|089- MAE Economia y Negocios con Asia del Pacifico e India|P00089|MAE|Economia y Negocios con Asia del Pacifico e India|02- SES 507-19 - IF-2019-65228938-APN-CONEAU-MECCYT.pdf|SES 507-19
324|090- DOC Artes Tecnoesteticas|P00090|DOC|Artes Tecnoesteticas|01- RCS 007-19 - Creac Plan Regla - DOC ARTES Y TECNOEST.pdf|RCS 007-19
325|091- ESP Análisis Institucional Organizaciones Programas y Practicas Educativas|P00091|ESP|Análisis Institucional Organizaciones Programas y Practicas Educativas|01- RCS 024-18 - Esp. en Analisis Institucional Modif Plan.pdf|RCS 024-18
326|091- ESP Análisis Institucional Organizaciones Programas y Practicas Educativas|P00091|ESP|Análisis Institucional Organizaciones Programas y Practicas Educativas|01- RCS 042-16 - Esp. en AI - Creacion.pdf|RCS 042-16
327|091- ESP Análisis Institucional Organizaciones Programas y Practicas Educativas|P00091|ESP|Análisis Institucional Organizaciones Programas y Practicas Educativas|02- SES 493-18 - EAIOPPE.pdf|SES 493-18
328|092- ESP Infancia Temprana y Practica Institucionales|P00092|ESP|Infancia Temprana y Practica Institucionales|01- RCS 017-12 - Creac Plan.pdf|RCS 017-12
329|092- ESP Infancia Temprana y Practica Institucionales|P00092|ESP|Infancia Temprana y Practica Institucionales|02- SES 444-16 - 11822_15 D CONEAU.pdf|SES 444-16
330|092- ESP Infancia Temprana y Practica Institucionales|P00092|ESP|Infancia Temprana y Practica Institucionales|03- RME 3628-17 - ROyVN del título.pdf|RME 3628-17
331|093- DOC Diversidad Cultural|P00093|DOC|Diversidad Cultural|01- RCS 005-18 - UNTREF.pdf|RCS 005-18
332|093- DOC Diversidad Cultural|P00093|DOC|Diversidad Cultural|02- SES 502-19 - Dictamen Doctorado en DC.pdf|SES 502-19
333|094- MAE Teoria Social e Investigacion Empirica|P00094|MAE|Teoria Social e Investigacion Empirica|01- RCS 023-18 - Modif Plan - MAE Teoria Social e Investigacion Empirica.pdf|RCS 023-18
334|094- MAE Teoria Social e Investigacion Empirica|P00094|MAE|Teoria Social e Investigacion Empirica|01- RCS 045-15 - Creacion Regla Plan.pdf|RCS 045-15
335|094- MAE Teoria Social e Investigacion Empirica|P00094|MAE|Teoria Social e Investigacion Empirica|02- RES 351-17- MAE Teoria Social e Investigacion.pdf|RES 351-17- MAE Teoria Social e Investigacion.pdf
336|094- MAE Teoria Social e Investigacion Empirica|P00094|MAE|Teoria Social e Investigacion Empirica|02- SES 497-18 - MAE TEO SOCIAL EMPIRICA.pdf|SES 497-18
337|095- DOC Teoria Social e Investigacion Empirica|P00095|DOC|Teoria Social e Investigacion Empirica|01- RCS 008-16 - Creacion - DOC TSIE.pdf|RCS 008-16
338|095- DOC Teoria Social e Investigacion Empirica|P00095|DOC|Teoria Social e Investigacion Empirica|01- RCS 022-18 - Modif Plan - DOC TSIE.pdf|RCS 022-18
339|095- DOC Teoria Social e Investigacion Empirica|P00095|DOC|Teoria Social e Investigacion Empirica|02- RES 354-17 - DR Teoria Social e Investigacion.pdf|RES 354-17
340|095- DOC Teoria Social e Investigacion Empirica|P00095|DOC|Teoria Social e Investigacion Empirica|02- SES 497-18 - DOC TEO SOCIAL EMPIRICA.pdf|SES 497-18
341|096- MAE Gestion de Politicas para la Infancia y la Adolescencia|P00096|MAE|Gestion de Politicas para la Infancia y la Adolescencia|01- RCS 017-17 - Creac, Plan, Regla.pdf|RCS 017-17
342|097- ESP Educacion y Promocion de la Salud|P00097|ESP|Educacion y Promocion de la Salud|01- RCS 018-17 - Creac y Plan - ESP ED PROMOCION SALUD.pdf|RCS 018-17
343|097- ESP Educacion y Promocion de la Salud|P00097|ESP|Educacion y Promocion de la Salud|02- SES 491-18 - Educacion y Promocion de la Salud.pdf|SES 491-18
344|098- MAE Gestion del Deporte|P00098|MAE|Gestion del Deporte|01- RCS 021-18 - Creac Plan Regla - MAE GESTION DEPORTE.pdf|RCS 021-18
345|098- MAE Gestion del Deporte|P00098|MAE|Gestion del Deporte|01- RCS 026-19 - Modif Plan MAE Gestion del Deporte.pdf|RCS 026-19
346|098- MAE Gestion del Deporte|P00098|MAE|Gestion del Deporte|02- IF-2019-109611135 - Maestria en Gestion del Deporte.pdf|IF-2019-109611135
347|102- DIP Economia Social y Clubes|P00102|DIP|Economia Social y Clubes|01- RCS 3792-19 - DIPLO Economia Social y Clubes - MP & MD.pdf|RCS 3792-19
348|103- DIP Superior en Industrias Culturales en la Convergencia Digital|P00103|DIP|Superior en Industrias Culturales en la Convergencia Digital|01- RCS 2555-19 - DIP Industrias Culturales en la Convergencia Digital.pdf|RCS 2555-19
349|108- DIP Superior en Estadisticas e Indicadores Educativos|P00108|DIP|Superior en Estadisticas e Indicadores Educativos|01- RCS 2553-19 - DIP Superior Estadísticas e Indicadores Educativos.pdf|RCS 2553-19
350|115- DOC Estudios y Politicas de Genero|P00115|DOC|Estudios y Politicas de Genero|01- RCS 050-19 - Creacion DOC estudios y politicas de genero.pdf|RCS 050-19
351|115- DOC Estudios y Politicas de Genero|P00115|DOC|Estudios y Politicas de Genero|01- RCS 059-19 - Regla DOC estudios y politicas de genero.pdf|RCS 059-19
352|116- DIP Superior en Criminologia y Seguridad Ciudadana|P00116|DIP|Superior en Criminologia y Seguridad Ciudadana|01- RR 1515-20 - DIP Superior en Criminologia y Seguridad Ciudadana.pdf|RR 1515-20
353|089- MAE Economia y Negocios con Asia del Pacifico e India|P00089|MAE|Economia y Negocios con Asia del Pacifico e India|03- RME 574-20 - MG en eco y negocios con asia del pacifico e india.pdf|RME 574-20
354|053- ESP Gestion de la Tecnologia y la Innovacion|P00053|ESP|Gestion de la Tecnologia y la Innovacion|01- RCS 023-20 - Modificacion plan.pdf|RCS 023-20
355|118- DIP Escritura Creativa|P00118|DIP|Superior en Criminologia y Seguridad Ciudadana|01- RCS 2083-20 - DIP en Escritura Creativa.pdf|RCS 2083-20